predictor,phecode,description,category,sex_restriction,n_total,n_cases,n_controls,n_excluded,beta,se,OR,OR_lower95,OR_upper95,p,q_fdr,bonferroni,model,converged,dropped_terms,note
HaT_Flag,DE_666,Urticaria,Dermatological,,1877,464,1413,922,1.5137,0.153188,4.5435,3.36509,6.13458,5.019e-23,6.524e-22,TRUE,logistic,TRUE,,
HaT_Flag,EM_239,Hyperlipidemia,Endocrine/Metab,,1743,728,1015,1056,-0.69028,0.163113,0.501435,0.364227,0.690331,2.317e-05,0.0001506,TRUE,logistic,TRUE,,
HaT_Flag,CV_401,Hypertension,Cardiovascular,,1782,963,819,1017,-0.596092,0.153661,0.550961,0.407684,0.74459,0.0001048,0.0003405,TRUE,logistic,TRUE,,
HaT_Flag,CV_401.1,Essential hypertension,Cardiovascular,,1782,963,819,1017,-0.596092,0.153661,0.550961,0.407684,0.74459,0.0001048,0.0003405,TRUE,logistic,TRUE,,
HaT_Flag,NS_331,Headache,Neurological,,1767,692,1075,1032,-0.561525,0.164082,0.570339,0.413491,0.786683,0.0006211,0.001346,TRUE,logistic,TRUE,,
HaT_Flag,NS_331.6,Migraine,Neurological,,1767,692,1075,1032,-0.561525,0.164082,0.570339,0.413491,0.786683,0.0006211,0.001346,TRUE,logistic,TRUE,,
HaT_Flag,MS_724,Other symptoms and disorders of the soft tissue,Musculoskeletal,,2009,222,1787,790,0.601503,0.194227,1.82486,1.2471,2.67028,0.001956,0.003178,TRUE,logistic,TRUE,,
HaT_Flag,MS_724.1,Myalgia,Musculoskeletal,,2009,222,1787,790,0.601503,0.194227,1.82486,1.2471,2.67028,0.001956,0.003178,TRUE,logistic,TRUE,,
HaT_Flag,SS_807,Malaise and fatigue,Symptoms,,1804,811,993,995,0.453848,0.148682,1.57436,1.17637,2.10699,0.00227,0.003278,TRUE,logistic,TRUE,,
HaT_Flag,GI_511,Gastro-esophageal reflux disease [GERD],Gastrointestinal,,1767,898,869,1032,-0.372095,0.148934,0.689289,0.514788,0.922941,0.01248,0.01622,FALSE,logistic,TRUE,,
HaT_Flag,MB_288,Anxiety and anxiety disorders,Mental,,1810,584,1226,989,-0.216881,0.165904,0.805026,0.581557,1.11436,0.1911,0.2259,FALSE,logistic,TRUE,,
HaT_Flag,GI_527,Abdominal pain,Gastrointestinal,,1833,593,1240,966,-0.098364,0.156563,0.906319,0.666829,1.23182,0.5298,0.574,FALSE,logistic,TRUE,,
HaT_Flag,RE_475,Asthma,Respiratory,,1792,576,1216,1007,-0.0428904,0.1596,0.958016,0.700683,1.30986,0.7881,0.7881,FALSE,logistic,TRUE,,
HaT_Flag,BI_180,Other disorders involving the immune mechanism,Blood/Immune,,2718,0,2718,81,NA,NA,NA,NA,NA,NA,NA,,,,,fewer than 20 cases
HaT_Flag,BI_180.6,Mast cell activation syndrome [MCAS]*,Blood/Immune,,2718,0,2718,81,NA,NA,NA,NA,NA,NA,NA,,,,,fewer than 20 cases
